title,description,image_url,buy_price,sell_price,profit_margin,rating,reviews_count,is_winning,category,additional_images,source_url,scraped_at
"Motorcycle Helmet Programmable LED Display","Revolutionize your night riding safety with the 2025 Motorcycle Helmet Warning Light, a cutting-edge programmable LED display that transforms your helmet into a highly visible communication device. This innovative RGB screen allows you to create custom messages, turn signals, brake warnings, and eye…","https://d3r56lgpj005wx.cloudfront.net/api/products/1065/image.jpg","$21.11","$49.99","$13.94","","","Yes","","https://d3r56lgpj005wx.cloudfront.net/api/products/1065/image.jpg","https://app.tradelle.io/products/1065","2025-12-15T09:27:32.614Z"
"Motorcycle Helmet Programmable LED Display","Give your cats a cozy place to sleep and play with this Felt Donut Cat Bed, a 2-in-1 hideout and tunnel designed for comfort, durability, and fun. Made from high-quality felt that is scratch-resistant, wear-resistant, and easy to clean, it features a clever zipper design that allows the donut bed to…","https://d3r56lgpj005wx.cloudfront.net/api/products/1065/image.jpg","$21.11","$49.99","$13.94","","","Yes","","https://d3r56lgpj005wx.cloudfront.net/api/products/1063/image.jpg","https://app.tradelle.io/products/1063","2025-12-15T09:27:32.614Z"
"Motorcycle Helmet Programmable LED Display","Keep your floors clean and your space hygienic with this Automatic Shoe Cover Dispenser, designed for hands-free operation without the need for electricity. Made from durable PPT and ABS materials, it features thickened springs and stable hooks for long-lasting performance and smooth dispensing. Sim…","https://d3r56lgpj005wx.cloudfront.net/api/products/1065/image.jpg","$21.11","$49.99","$13.94","","","Yes","","https://d3r56lgpj005wx.cloudfront.net/api/products/1062/image.jpg","https://app.tradelle.io/products/1062","2025-12-15T09:27:32.614Z"
"Motorcycle Helmet Programmable LED Display","Make bath time fun and stress-free with this Rechargeable Light-Up Whale Bath Toy, designed to turn the tub into a playful water show. Featuring an upgraded rechargeable battery, it eliminates the need for disposable batteries and prevents rust or leakage. Once placed in water, the whale automatical…","https://d3r56lgpj005wx.cloudfront.net/api/products/1065/image.jpg","$21.11","$49.99","$13.94","","","Yes","","https://d3r56lgpj005wx.cloudfront.net/api/products/1060/image.jpg","https://app.tradelle.io/products/1060","2025-12-15T09:27:32.614Z"
"Motorcycle Helmet Programmable LED Display","Enjoy fresh juice in seconds with this Portable Dual Head Electric Citrus Juicer, designed to squeeze two fruits at the same time for maximum efficiency. With a powerful 100W motor and a high-speed 15000 RPM rotation, it effortlessly extracts juice from oranges, lemons, kiwis, grapefruits, and more.…","https://d3r56lgpj005wx.cloudfront.net/api/products/1065/image.jpg","$21.11","$49.99","$13.94","","","Yes","","https://d3r56lgpj005wx.cloudfront.net/api/products/1059/image.jpg","https://app.tradelle.io/products/1059","2025-12-15T09:27:32.614Z"
"Motorcycle Helmet Programmable LED Display","Relax your neck, shoulders, back, and legs anytime with this Rechargeable Trapezius Massage Pillow, designed for both home and car use. Featuring deep-kneading Shiatsu nodes and soothing heat, it targets muscle tension in the trapezius, waist, cervical area, and more. The wireless design allows full…","https://d3r56lgpj005wx.cloudfront.net/api/products/1065/image.jpg","$21.11","$49.99","$13.94","","","Yes","","https://d3r56lgpj005wx.cloudfront.net/api/products/1058/image.jpg","https://app.tradelle.io/products/1058","2025-12-15T09:27:32.614Z"
"Motorcycle Helmet Programmable LED Display","Bring peace back to your home with this Ultrasonic Stop Dog Barking Device, designed to reduce excessive barking safely and humanely. Using advanced ultrasonic technology, it automatically detects barking and emits a gentle, high-frequency sound that captures your dog’s attention without causing har…","https://d3r56lgpj005wx.cloudfront.net/api/products/1065/image.jpg","$21.11","$49.99","$13.94","","","Yes","","https://d3r56lgpj005wx.cloudfront.net/api/products/1057/image.jpg","https://app.tradelle.io/products/1057","2025-12-15T09:27:32.614Z"
"Motorcycle Helmet Programmable LED Display","Make bedtime sweeter with this adorable Strawberry Donkey Breathing Plush Toy, a soft and creative stuffed doll that gently simulates a calming breathing motion with soothing lights. Its cute fruit-inspired design transforms the donkey into a playful strawberry character, making it a charming compan…","https://d3r56lgpj005wx.cloudfront.net/api/products/1065/image.jpg","$21.11","$49.99","$13.94","","","Yes","","https://d3r56lgpj005wx.cloudfront.net/api/products/1056/image.jpg","https://app.tradelle.io/products/1056","2025-12-15T09:27:32.614Z"
"Motorcycle Helmet Programmable LED Display","Carry a piece of your beloved cat with you wherever you go with this Cat Hair Keepsake Keychain, a heartfelt accessory designed to hold a small lock of pet fur. Lightweight, durable, and easy to use, it securely stores your keepsake while doubling as a stylish pendant or keychain. Perfect as a gift …","https://d3r56lgpj005wx.cloudfront.net/api/products/1065/image.jpg","$21.11","$49.99","$13.94","","","Yes","","https://d3r56lgpj005wx.cloudfront.net/api/products/1055/image.jpg","https://app.tradelle.io/products/1055","2025-12-15T09:27:32.614Z"
"Motorcycle Helmet Programmable LED Display","Create a professional touch with this Custom Logo Embosser Stamp, fully personalized with your own design, initials, or business logo. Each embosser features a 1.6 inch laser-engraved plate that delivers crisp, precise impressions on documents, envelopes, stationery, and gift packaging. Built with a…","https://d3r56lgpj005wx.cloudfront.net/api/products/1065/image.jpg","$21.11","$49.99","$13.94","","","Yes","","https://d3r56lgpj005wx.cloudfront.net/api/products/1054/image.jpg","https://app.tradelle.io/products/1054","2025-12-15T09:27:32.614Z"