title,image_url,cost,selling_price,product_url,scraped_at
"Motorcycle Helmet Programmable LED Display","https://d3r56lgpj005wx.cloudfront.net/api/products/1065/image.jpg","$21.11","$49.99","https://app.tradelle.io/products/1065","2025-12-15T19:21:41.335Z"
"Felt Donut Cat Tunnel Bed","https://d3r56lgpj005wx.cloudfront.net/api/products/1063/image.jpg","$13.94","$49.99","https://app.tradelle.io/products/1063","2025-12-15T19:21:41.336Z"
"Automatic Shoes Cover Dispenser","https://d3r56lgpj005wx.cloudfront.net/api/products/1062/image.jpg","$41.22","$59.99","https://app.tradelle.io/products/1062","2025-12-15T19:21:41.336Z"
"Rechargeable Whale Light-Up Bath Toy","https://d3r56lgpj005wx.cloudfront.net/api/products/1060/image.jpg","$6.16","$19.99","https://app.tradelle.io/products/1060","2025-12-15T19:21:41.336Z"
"Dual Head Electric Juicer","https://d3r56lgpj005wx.cloudfront.net/api/products/1059/image.jpg","$41.99","$79.99","https://app.tradelle.io/products/1059","2025-12-15T19:21:41.336Z"
"Electric Trapezius Massage Pillow","https://d3r56lgpj005wx.cloudfront.net/api/products/1058/image.jpg","$44.17","$79.99","https://app.tradelle.io/products/1058","2025-12-15T19:21:41.336Z"
"Ultrasonic Stop Dog Barking Device","https://d3r56lgpj005wx.cloudfront.net/api/products/1057/image.jpg","$21.47","$39.99","https://app.tradelle.io/products/1057","2025-12-15T19:21:41.336Z"
"Strawberry Donkey Breathing Plush Doll","https://d3r56lgpj005wx.cloudfront.net/api/products/1056/image.jpg","$10.77","$29.99","https://app.tradelle.io/products/1056","2025-12-15T19:21:41.336Z"
"Cat Hair Keychain","https://d3r56lgpj005wx.cloudfront.net/api/products/1055/image.jpg","$2.89","$14.99","https://app.tradelle.io/products/1055","2025-12-15T19:21:41.336Z"
"Custom Embosser for Books","https://d3r56lgpj005wx.cloudfront.net/api/products/1054/image.jpg","$20.16","$39.99","https://app.tradelle.io/products/1054","2025-12-15T19:21:41.336Z"
"Vlog Selfie Monitor Screen for iPhone","https://d3r56lgpj005wx.cloudfront.net/api/products/1053/image.jpg","$24.24","$49.99","https://app.tradelle.io/products/1053","2025-12-15T19:21:41.336Z"
"Handheld 30x Magnifying Glass","https://d3r56lgpj005wx.cloudfront.net/api/products/1052/image.jpg","$8.26","$19.99","https://app.tradelle.io/products/1052","2025-12-15T19:21:41.336Z"
"Portable Hair Straightener","https://d3r56lgpj005wx.cloudfront.net/api/products/1050/image.jpg","$16.41","$34.99","https://app.tradelle.io/products/1050","2025-12-15T19:21:41.336Z"
"Self-Squeeze Triangular Mop","https://d3r56lgpj005wx.cloudfront.net/api/products/1049/image.jpg","$15.89","$29.99","https://app.tradelle.io/products/1049","2025-12-15T19:21:41.336Z"
"Foil and Plastic Wrap Organizer","https://d3r56lgpj005wx.cloudfront.net/api/products/1048/image.jpg","$6.75","$21.99","https://app.tradelle.io/products/1048","2025-12-15T19:21:41.336Z"
"TWS Ultra-Low Latency Bluetooth Earphones","https://d3r56lgpj005wx.cloudfront.net/api/products/1047/image.jpg","$14.72","$39.99","https://app.tradelle.io/products/1047","2025-12-15T19:21:41.336Z"
"LED Book Light","https://d3r56lgpj005wx.cloudfront.net/api/products/1045/image.jpg","$7.61","$34.99","https://app.tradelle.io/products/1045","2025-12-15T19:21:41.336Z"
"Rolling Knife Sharpener","https://d3r56lgpj005wx.cloudfront.net/api/products/1044/image.jpg","$13.42","$39.99","https://app.tradelle.io/products/1044","2025-12-15T19:21:41.336Z"
"GPT AI Translation Pen","https://d3r56lgpj005wx.cloudfront.net/api/products/1043/image.jpg","$34.89","$59.99","https://app.tradelle.io/products/1043","2025-12-15T19:21:41.336Z"
"Shin Guard Socks Sleeves with Foam","https://d3r56lgpj005wx.cloudfront.net/api/products/1042/image.jpg","$3.11","$14.99","https://app.tradelle.io/products/1042","2025-12-15T19:21:41.336Z"
"Pet Hair Keychain","https://d3r56lgpj005wx.cloudfront.net/api/products/1041/image.jpg","$2.76","$14.99","https://app.tradelle.io/products/1041","2025-12-15T19:21:41.336Z"
"AI Smart Glasses","https://d3r56lgpj005wx.cloudfront.net/api/products/1040/image.jpg","$43.02","$79.99","https://app.tradelle.io/products/1040","2025-12-15T19:21:41.336Z"
"5-in-1 Magnetic Wireless Charging Station","https://d3r56lgpj005wx.cloudfront.net/api/products/1038/image.jpg","$29.67","$59.99","https://app.tradelle.io/products/1038","2025-12-15T19:21:41.336Z"
"Wrist Water Bottle for Sports","https://d3r56lgpj005wx.cloudfront.net/api/products/1037/image.jpg","$9.32","$17.99","https://app.tradelle.io/products/1037","2025-12-15T19:21:41.336Z"
"Fruit & Vegetable Washing Bowl","https://d3r56lgpj005wx.cloudfront.net/api/products/1036/image.jpg","$3.97","$14.99","https://app.tradelle.io/products/1036","2025-12-15T19:21:41.336Z"
"Wireless Lavalier Microphone","https://d3r56lgpj005wx.cloudfront.net/api/products/1035/image.jpg","$11.52","$34.99","https://app.tradelle.io/products/1035","2025-12-15T19:21:41.336Z"
"Decorative Black Cat Stone Figurine","https://d3r56lgpj005wx.cloudfront.net/api/products/1033/image.jpg","$8.94","$19.99","https://app.tradelle.io/products/1033","2025-12-15T19:21:41.336Z"
"Air Flame Humidifier","https://d3r56lgpj005wx.cloudfront.net/api/products/1032/image.jpg","$19.82","$59.99","https://app.tradelle.io/products/1032","2025-12-15T19:21:41.336Z"
"Shock Absorbing Shoe Inserts","https://d3r56lgpj005wx.cloudfront.net/api/products/1031/image.jpg","$4.69","$19.99","https://app.tradelle.io/products/1031","2025-12-15T19:21:41.336Z"
"Vegetable Spiralizer","https://d3r56lgpj005wx.cloudfront.net/api/products/1030/image.jpg","$7.30","$17.99","https://app.tradelle.io/products/1030","2025-12-15T19:21:41.336Z"
"Pet Nail Clipper with Led Light","https://d3r56lgpj005wx.cloudfront.net/api/products/1029/image.jpg","$8.77","$24.99","https://app.tradelle.io/products/1029","2025-12-15T19:21:41.336Z"
"4-in-1 Adjustable Measuring Cup","https://d3r56lgpj005wx.cloudfront.net/api/products/1028/image.jpg","$7.79","$19.99","https://app.tradelle.io/products/1028","2025-12-15T19:21:41.336Z"
"Hydrating Lip Balm Set","https://d3r56lgpj005wx.cloudfront.net/api/products/1026/image.jpg","$8.47","$14.99","https://app.tradelle.io/products/1026","2025-12-15T19:21:41.336Z"
"Portable Dog Poop Scooper","https://d3r56lgpj005wx.cloudfront.net/api/products/1023/image.jpg","$8.74","$24.99","https://app.tradelle.io/products/1023","2025-12-15T19:21:41.336Z"
"Table Corner Edge Protectors","https://d3r56lgpj005wx.cloudfront.net/api/products/1022/image.jpg","$4.31","$14.99","https://app.tradelle.io/products/1022","2025-12-15T19:21:41.336Z"
"3 in 1 Cup Lid Gap Cleaning Brush","https://d3r56lgpj005wx.cloudfront.net/api/products/1021/image.jpg","$2.89","$9.99","https://app.tradelle.io/products/1021","2025-12-15T19:21:41.336Z"
"Hairline Powder","https://d3r56lgpj005wx.cloudfront.net/api/products/1020/image.jpg","$4.43","$14.99","https://app.tradelle.io/products/1020","2025-12-15T19:21:41.336Z"
"Screen Magnifier for Phones","https://d3r56lgpj005wx.cloudfront.net/api/products/1019/image.jpg","$11.74","$24.99","https://app.tradelle.io/products/1019","2025-12-15T19:21:41.336Z"
"Pet Steam Grooming Comb","https://d3r56lgpj005wx.cloudfront.net/api/products/1018/image.jpg","$10.45","$19.99","https://app.tradelle.io/products/1018","2025-12-15T19:21:41.336Z"
"Bathroom Sink Drain Strainer","https://d3r56lgpj005wx.cloudfront.net/api/products/1017/image.jpg","$10.50","$19.99","https://app.tradelle.io/products/1017","2025-12-15T19:21:41.336Z"
"Intelligent Obstacle Avoidance RC Drone","https://d3r56lgpj005wx.cloudfront.net/api/products/1015/image.jpg","$29.63","$49.99","https://app.tradelle.io/products/1015","2025-12-15T19:21:41.336Z"
"Self Stirring Coffee Mug","https://d3r56lgpj005wx.cloudfront.net/api/products/1014/image.jpg","$9.16","$24.99","https://app.tradelle.io/products/1014","2025-12-15T19:21:41.336Z"
"DIY Night Scene Scratch Art","https://d3r56lgpj005wx.cloudfront.net/api/products/1012/image.jpg","$3.93","$14.99","https://app.tradelle.io/products/1012","2025-12-15T19:21:41.336Z"
"Shoe Washing Machine Bag","https://d3r56lgpj005wx.cloudfront.net/api/products/1011/image.jpg","$5.78","$20.99","https://app.tradelle.io/products/1011","2025-12-15T19:21:41.336Z"
"Faucet Water Filter for Sink","https://d3r56lgpj005wx.cloudfront.net/api/products/1010/image.jpg","$24.87","$59.99","https://app.tradelle.io/products/1010","2025-12-15T19:21:41.336Z"
"Ultra Thin Forged Carbon Fiber Cover For iPhone","https://d3r56lgpj005wx.cloudfront.net/api/products/1009/image.jpg","$27.84","$39.99","https://app.tradelle.io/products/1009","2025-12-15T19:21:41.336Z"
"LED Makeup Mirror","https://d3r56lgpj005wx.cloudfront.net/api/products/1007/image.jpg","$15.14","$39.99","https://app.tradelle.io/products/1007","2025-12-15T19:21:41.336Z"
"Baby Stroller Manager With Non-Slip Strap","https://d3r56lgpj005wx.cloudfront.net/api/products/1006/image.jpg","$12.90","$29.99","https://app.tradelle.io/products/1006","2025-12-15T19:21:41.336Z"
"Heavy-Duty Roll-Up Tool Bag","https://d3r56lgpj005wx.cloudfront.net/api/products/1005/image.jpg","$14.52","$34.99","https://app.tradelle.io/products/1005","2025-12-15T19:21:41.336Z"
"Pixelated Lantern Night Light","https://d3r56lgpj005wx.cloudfront.net/api/products/1004/image.jpg","$17.75","$34.99","https://app.tradelle.io/products/1004","2025-12-15T19:21:41.336Z"
"Stainless Steel Cooling Bowl","https://d3r56lgpj005wx.cloudfront.net/api/products/1003/image.jpg","$23.68","$39.99","https://app.tradelle.io/products/1003","2025-12-15T19:21:41.336Z"
"Screw & Bolt Length Sorter","https://d3r56lgpj005wx.cloudfront.net/api/products/1002/image.jpg","$8.45","$14.99","https://app.tradelle.io/products/1002","2025-12-15T19:21:41.336Z"
"Head Massager for Migraine Relief","https://d3r56lgpj005wx.cloudfront.net/api/products/1000/image.jpg","$36.72","$59.99","https://app.tradelle.io/products/1000","2025-12-15T19:21:41.336Z"
"Automatic Fruit Peeler Machine","https://d3r56lgpj005wx.cloudfront.net/api/products/999/image.jpg","$49.92","$74.99","https://app.tradelle.io/products/999","2025-12-15T19:21:41.336Z"
"Shower Phone Holder with Speaker","https://d3r56lgpj005wx.cloudfront.net/api/products/998/image.jpg","$13.16","$24.99","https://app.tradelle.io/products/998","2025-12-15T19:21:41.336Z"
"LED RGB Rechargeable Wall Lamp","https://d3r56lgpj005wx.cloudfront.net/api/products/996/image.jpg","$32.12","$69.99","https://app.tradelle.io/products/996","2025-12-15T19:21:41.336Z"
"Electrical Disconnect Pliers Set","https://d3r56lgpj005wx.cloudfront.net/api/products/995/image.jpg","$13.93","$29.99","https://app.tradelle.io/products/995","2025-12-15T19:21:41.336Z"
"H10 Gamepad for Phones","https://d3r56lgpj005wx.cloudfront.net/api/products/994/image.jpg","$10.29","$39.99","https://app.tradelle.io/products/994","2025-12-15T19:21:41.336Z"
"Reflective Cat Collar with Apple AirTag Holder","https://d3r56lgpj005wx.cloudfront.net/api/products/993/image.jpg","$1.71","$14.99","https://app.tradelle.io/products/993","2025-12-15T19:21:41.336Z"
"Electric Baby Nail Trimmer","https://d3r56lgpj005wx.cloudfront.net/api/products/992/image.jpg","$6.41","$17.99","https://app.tradelle.io/products/992","2025-12-15T19:21:41.336Z"
"Portable Mini Washing Machine","https://d3r56lgpj005wx.cloudfront.net/api/products/991/image.jpg","$26.71","$39.99","https://app.tradelle.io/products/991","2025-12-15T19:21:41.336Z"
"Cat Scratch Sofa Protector","https://d3r56lgpj005wx.cloudfront.net/api/products/990/image.jpg","$27.37","$39.99","https://app.tradelle.io/products/990","2025-12-15T19:21:41.336Z"
"Foldable Laptop Stand","https://d3r56lgpj005wx.cloudfront.net/api/products/989/image.jpg","$2.08","$14.99","https://app.tradelle.io/products/989","2025-12-15T19:21:41.336Z"
"Interactive AI Robot Dog Toy","https://d3r56lgpj005wx.cloudfront.net/api/products/988/image.jpg","$50.48","$79.99","https://app.tradelle.io/products/988","2025-12-15T19:21:41.336Z"
"Electric Heating Shoulder Neck Pad","https://d3r56lgpj005wx.cloudfront.net/api/products/986/image.jpg","$14.50","$39.99","https://app.tradelle.io/products/986","2025-12-15T19:21:41.336Z"
"Camping Chair with Canopy","https://d3r56lgpj005wx.cloudfront.net/api/products/985/image.jpg","$34.59","$59.99","https://app.tradelle.io/products/985","2025-12-15T19:21:41.336Z"
"Bedside Remote Cable Lock","https://d3r56lgpj005wx.cloudfront.net/api/products/983/image.jpg","$6.01","$14.99","https://app.tradelle.io/products/983","2025-12-15T19:21:41.336Z"
"Electric Nose Hair Trimmer","https://d3r56lgpj005wx.cloudfront.net/api/products/982/image.jpg","$3.43","$14.99","https://app.tradelle.io/products/982","2025-12-15T19:21:41.336Z"
"Retro Pixel Art Speaker","https://d3r56lgpj005wx.cloudfront.net/api/products/981/image.jpg","$87.20","$129.99","https://app.tradelle.io/products/981","2025-12-15T19:21:41.336Z"
"Electric Kitchen Food Chopper","https://d3r56lgpj005wx.cloudfront.net/api/products/980/image.jpg","$7.22","$24.99","https://app.tradelle.io/products/980","2025-12-15T19:21:41.336Z"
"RC Foam Fighter Drone","https://d3r56lgpj005wx.cloudfront.net/api/products/979/image.jpg","$14.31","$54.99","https://app.tradelle.io/products/979","2025-12-15T19:21:41.336Z"
"Soda Can Lid Opener","https://d3r56lgpj005wx.cloudfront.net/api/products/978/image.jpg","$5.62","$16.99","https://app.tradelle.io/products/978","2025-12-15T19:21:41.336Z"
"Automatic Golf Ball Dispenser","https://d3r56lgpj005wx.cloudfront.net/api/products/977/image.jpg","$31.62","$54.99","https://app.tradelle.io/products/977","2025-12-15T19:21:41.336Z"
"Hoodie with Integrated Backpack","https://d3r56lgpj005wx.cloudfront.net/api/products/976/image.jpg","$35.25","$64.99","https://app.tradelle.io/products/976","2025-12-15T19:21:41.336Z"
"Portable Fishing Camera","https://d3r56lgpj005wx.cloudfront.net/api/products/975/image.jpg","$40.81","$84.99","https://app.tradelle.io/products/975","2025-12-15T19:21:41.336Z"
"3 in 1 Cat Steam Brush Upgraded Version","https://d3r56lgpj005wx.cloudfront.net/api/products/685/image.jpg","$5.46","$24.99","https://app.tradelle.io/products/685","2025-12-15T19:21:41.336Z"
"Smart Door Knob","https://d3r56lgpj005wx.cloudfront.net/api/products/684/image.jpg","$41.28","$69.99","https://app.tradelle.io/products/684","2025-12-15T19:21:41.336Z"
"Desktop Smoke Extractor","https://d3r56lgpj005wx.cloudfront.net/api/products/683/image.jpg","$25.41","$49.99","https://app.tradelle.io/products/683","2025-12-15T19:21:41.336Z"
"Water Ripple Ambient Night Light","https://d3r56lgpj005wx.cloudfront.net/api/products/682/image.jpg","$8.17","$27.99","https://app.tradelle.io/products/682","2025-12-15T19:21:41.336Z"
"Snack Cup","https://d3r56lgpj005wx.cloudfront.net/api/products/681/image.jpg","$8.01","$24.99","https://app.tradelle.io/products/681","2025-12-15T19:21:41.336Z"
"Magic Wireless Charger","https://d3r56lgpj005wx.cloudfront.net/api/products/680/image.jpg","$30.21","$49.99","https://app.tradelle.io/products/680","2025-12-15T19:21:41.336Z"
"Pou Plush Toy","https://d3r56lgpj005wx.cloudfront.net/api/products/679/image.jpg","$5.39","$14.99","https://app.tradelle.io/products/679","2025-12-15T19:21:41.336Z"
"Car Vacuum Cleaner & Blower","https://d3r56lgpj005wx.cloudfront.net/api/products/678/image.jpg","$13.15","$49.99","https://app.tradelle.io/products/678","2025-12-15T19:21:41.336Z"
"Smart Neon LED Strip","https://d3r56lgpj005wx.cloudfront.net/api/products/677/image.jpg","$16.68","$34.99","https://app.tradelle.io/products/677","2025-12-15T19:21:41.336Z"
"Card Shuffling Machine","https://d3r56lgpj005wx.cloudfront.net/api/products/676/image.jpg","$11.00","$24.99","https://app.tradelle.io/products/676","2025-12-15T19:21:41.336Z"
"Cooling & Heating Car Cup Holder","https://d3r56lgpj005wx.cloudfront.net/api/products/675/image.jpg","$24.94","$49.99","https://app.tradelle.io/products/675","2025-12-15T19:21:41.336Z"
"Smart Drawer Lock","https://d3r56lgpj005wx.cloudfront.net/api/products/674/image.jpg","$8.51","$29.99","https://app.tradelle.io/products/674","2025-12-15T19:21:41.336Z"
"Golf Putting Laser","https://d3r56lgpj005wx.cloudfront.net/api/products/673/image.jpg","$8.26","$29.99","https://app.tradelle.io/products/673","2025-12-15T19:21:41.336Z"
"Car Makeup Mirror","https://d3r56lgpj005wx.cloudfront.net/api/products/672/image.jpg","$15.47","$34.99","https://app.tradelle.io/products/672","2025-12-15T19:21:41.336Z"
"Tire Valve LED Caps","https://d3r56lgpj005wx.cloudfront.net/api/products/671/image.jpg","$3.71","$16.99","https://app.tradelle.io/products/671","2025-12-15T19:21:41.336Z"
"Bubble Ball","https://d3r56lgpj005wx.cloudfront.net/api/products/670/image.jpg","$4.12","$15.99","https://app.tradelle.io/products/670","2025-12-15T19:21:41.336Z"
"Chicken Meat Shredder","https://d3r56lgpj005wx.cloudfront.net/api/products/669/image.jpg","$10.16","$24.99","https://app.tradelle.io/products/669","2025-12-15T19:21:41.336Z"
"2 In 1 Spatula Tongs for Eggs","https://d3r56lgpj005wx.cloudfront.net/api/products/668/image.jpg","$2.99","$14.99","https://app.tradelle.io/products/668","2025-12-15T19:21:41.336Z"
"Sun & Moon Totwoo Love Bracelets","https://d3r56lgpj005wx.cloudfront.net/api/products/667/image.jpg","$107.09","$179.99","https://app.tradelle.io/products/667","2025-12-15T19:21:41.336Z"
"Socket Fan Light with Remote Control","https://d3r56lgpj005wx.cloudfront.net/api/products/666/image.jpg","$17.17","$34.99","https://app.tradelle.io/products/666","2025-12-15T19:21:41.336Z"
"Mini Steering Wheel Game Controller Attachment","https://d3r56lgpj005wx.cloudfront.net/api/products/665/image.jpg","$8.20","$19.99","https://app.tradelle.io/products/665","2025-12-15T19:21:41.336Z"
"Magnetic MagSafe Phone Holder Stand","https://d3r56lgpj005wx.cloudfront.net/api/products/663/image.jpg","$11.61","$24.99","https://app.tradelle.io/products/663","2025-12-15T19:21:41.336Z"
"Electric Multifunctional Potato Peeler","https://d3r56lgpj005wx.cloudfront.net/api/products/662/image.jpg","$20.85","$39.99","https://app.tradelle.io/products/662","2025-12-15T19:21:41.336Z"
"Steamy Brush for Cats","https://d3r56lgpj005wx.cloudfront.net/api/products/661/image.jpg","$4.44","$24.99","https://app.tradelle.io/products/661","2025-12-15T19:21:41.336Z"
"LED Glowing Basketball","https://d3r56lgpj005wx.cloudfront.net/api/products/660/image.jpg","$24.09","$39.99","https://app.tradelle.io/products/660","2025-12-15T19:21:41.336Z"
"3D Hologram Fan","https://d3r56lgpj005wx.cloudfront.net/api/products/659/image.jpg","$39.32","$69.99","https://app.tradelle.io/products/659","2025-12-15T19:21:41.336Z"
"X13 Camera Detector","https://d3r56lgpj005wx.cloudfront.net/api/products/658/image.jpg","$15.03","$34.99","https://app.tradelle.io/products/658","2025-12-15T19:21:41.336Z"
"Fitness Resistance Pull Down Rope Trainer With Suction","https://d3r56lgpj005wx.cloudfront.net/api/products/657/image.jpg","$34.46","$79.99","https://app.tradelle.io/products/657","2025-12-15T19:21:41.336Z"
"Hand Gesture Car Light","https://d3r56lgpj005wx.cloudfront.net/api/products/656/image.jpg","$17.48","$39.99","https://app.tradelle.io/products/656","2025-12-15T19:21:41.336Z"
"Press Spice Grinder","https://d3r56lgpj005wx.cloudfront.net/api/products/655/image.jpg","$7.22","$17.99","https://app.tradelle.io/products/655","2025-12-15T19:21:41.336Z"
"Handmade Music Box","https://d3r56lgpj005wx.cloudfront.net/api/products/415/image.jpg","$4.59","$24.99","https://app.tradelle.io/products/415","2025-12-15T19:21:41.336Z"
"2x LED Flame Effect Light Bulb","https://d3r56lgpj005wx.cloudfront.net/api/products/414/image.jpg","$7.23","$29.99","https://app.tradelle.io/products/414","2025-12-15T19:21:41.336Z"
"Forearm Strength Trainer","https://d3r56lgpj005wx.cloudfront.net/api/products/413/image.jpg","$20.07","$49.99","https://app.tradelle.io/products/413","2025-12-15T19:21:41.336Z"
"Electric Heated Scarf","https://d3r56lgpj005wx.cloudfront.net/api/products/412/image.jpg","$9.47","$34.99","https://app.tradelle.io/products/412","2025-12-15T19:21:41.336Z"
"Electric Foot Massager","https://d3r56lgpj005wx.cloudfront.net/api/products/411/image.jpg","$10.65","$29.99","https://app.tradelle.io/products/411","2025-12-15T19:21:41.336Z"
"Leg Stretcher","https://d3r56lgpj005wx.cloudfront.net/api/products/410/image.jpg","$27.26","$49.99","https://app.tradelle.io/products/410","2025-12-15T19:21:41.336Z"
"Manual Nose Hair Trimmer","https://d3r56lgpj005wx.cloudfront.net/api/products/409/image.jpg","$3.37","$14.99","https://app.tradelle.io/products/409","2025-12-15T19:21:41.336Z"
"Electric Foot Warmer","https://d3r56lgpj005wx.cloudfront.net/api/products/408/image.jpg","$20.98","$49.99","https://app.tradelle.io/products/408","2025-12-15T19:21:41.336Z"
"Abstract Face Sculpture","https://d3r56lgpj005wx.cloudfront.net/api/products/406/image.jpg","$20.85","$49.99","https://app.tradelle.io/products/406","2025-12-15T19:21:41.336Z"
"Blackhead Removal Suction Tool","https://d3r56lgpj005wx.cloudfront.net/api/products/404/image.jpg","$8.07","$24.99","https://app.tradelle.io/products/404","2025-12-15T19:21:41.336Z"
"Halloween Skeleton Mask","https://d3r56lgpj005wx.cloudfront.net/api/products/403/image.jpg","$12.52","$24.99","https://app.tradelle.io/products/403","2025-12-15T19:21:41.336Z"
"Winter Wool Socks Slippers","https://d3r56lgpj005wx.cloudfront.net/api/products/402/image.jpg","$10.42","$24.99","https://app.tradelle.io/products/402","2025-12-15T19:21:41.336Z"
"Gloves Light","https://d3r56lgpj005wx.cloudfront.net/api/products/401/image.jpg","$6.06","$21.95","https://app.tradelle.io/products/401","2025-12-15T19:21:41.336Z"
"12x Water Painting Pens","https://d3r56lgpj005wx.cloudfront.net/api/products/400/image.jpg","$5.10","$24.99","https://app.tradelle.io/products/400","2025-12-15T19:21:41.336Z"
"Electric Foot File","https://d3r56lgpj005wx.cloudfront.net/api/products/399/image.jpg","$8.48","$24.99","https://app.tradelle.io/products/399","2025-12-15T19:21:41.336Z"
"Automatic Domino Train","https://d3r56lgpj005wx.cloudfront.net/api/products/398/image.jpg","$15.11","$34.99","https://app.tradelle.io/products/398","2025-12-15T19:21:41.336Z"
"Metal Kinetic Windmill","https://d3r56lgpj005wx.cloudfront.net/api/products/397/image.jpg","$15.15","$39.99","https://app.tradelle.io/products/397","2025-12-15T19:21:41.336Z"
"Standing Weed Puller","https://d3r56lgpj005wx.cloudfront.net/api/products/396/image.jpg","$14.31","$34.99","https://app.tradelle.io/products/396","2025-12-15T19:21:41.336Z"
"UFO Flying Drone","https://d3r56lgpj005wx.cloudfront.net/api/products/395/image.jpg","$11.40","$29.99","https://app.tradelle.io/products/395","2025-12-15T19:21:41.336Z"
"Busy Book","https://d3r56lgpj005wx.cloudfront.net/api/products/394/image.jpg","$13.03","$29.99","https://app.tradelle.io/products/394","2025-12-15T19:21:41.336Z"
"Jawline Trainer","https://d3r56lgpj005wx.cloudfront.net/api/products/393/image.jpg","$3.42","$15.99","https://app.tradelle.io/products/393","2025-12-15T19:21:41.336Z"
"2x 2 In 1 Phone Screen Cleaner Spray","https://d3r56lgpj005wx.cloudfront.net/api/products/392/image.jpg","$9.02","$19.99","https://app.tradelle.io/products/392","2025-12-15T19:21:41.336Z"
"Window Cleaning Robot","https://d3r56lgpj005wx.cloudfront.net/api/products/391/image.jpg","$117.29","$199.99","https://app.tradelle.io/products/391","2025-12-15T19:21:41.336Z"
"Pet Treat Dispenser Toy","https://d3r56lgpj005wx.cloudfront.net/api/products/389/image.jpg","$10.90","$24.99","https://app.tradelle.io/products/389","2025-12-15T19:21:41.336Z"
"Bluetooth Led Cap","https://d3r56lgpj005wx.cloudfront.net/api/products/388/image.jpg","$13.66","$29.99","https://app.tradelle.io/products/388","2025-12-15T19:21:41.336Z"
"Winter Leggings","https://d3r56lgpj005wx.cloudfront.net/api/products/387/image.jpg","$15.30","$24.99","https://app.tradelle.io/products/387","2025-12-15T19:21:41.336Z"
"Rewritable Night Light","https://d3r56lgpj005wx.cloudfront.net/api/products/386/image.jpg","$12.18","$34.99","https://app.tradelle.io/products/386","2025-12-15T19:21:41.336Z"
"TikTok Remote Control","https://d3r56lgpj005wx.cloudfront.net/api/products/384/image.jpg","$4.55","$19.99","https://app.tradelle.io/products/384","2025-12-15T19:21:41.336Z"
"Retractable Gap Dust Cleaner","https://d3r56lgpj005wx.cloudfront.net/api/products/380/image.jpg","$7.98","$19.99","https://app.tradelle.io/products/380","2025-12-15T19:21:41.336Z"
"TV Tissue Box Phone Holder","https://d3r56lgpj005wx.cloudfront.net/api/products/379/image.jpg","$9.99","$24.99","https://app.tradelle.io/products/379","2025-12-15T19:21:41.336Z"
"Hydrogen Water Generator Bottle","https://d3r56lgpj005wx.cloudfront.net/api/products/337/image.jpg","$61.98","$129.99","https://app.tradelle.io/products/337","2025-12-15T19:21:41.336Z"
"Rose Bear","https://d3r56lgpj005wx.cloudfront.net/api/products/336/image.jpg","$17.21","$59.99","https://app.tradelle.io/products/336","2025-12-15T19:21:41.336Z"
"High Support Bra","https://d3r56lgpj005wx.cloudfront.net/api/products/335/image.jpg","$7.97","$19.99","https://app.tradelle.io/products/335","2025-12-15T19:21:41.336Z"
"Menstrual Relief Pad","https://d3r56lgpj005wx.cloudfront.net/api/products/334/image.jpg","$9.11","$29.99","https://app.tradelle.io/products/334","2025-12-15T19:21:41.336Z"
"Handheld Electric Bathroom Scrubber","https://d3r56lgpj005wx.cloudfront.net/api/products/332/image.jpg","$12.35","$29.99","https://app.tradelle.io/products/332","2025-12-15T19:21:41.336Z"
"Erasable Notebook","https://d3r56lgpj005wx.cloudfront.net/api/products/330/image.jpg","$16.46","$24.99","https://app.tradelle.io/products/330","2025-12-15T19:21:41.336Z"
"Mini Air Conditioner","https://d3r56lgpj005wx.cloudfront.net/api/products/329/image.jpg","$21.27","$39.99","https://app.tradelle.io/products/329","2025-12-15T19:21:41.336Z"
"3D Laser Level","https://d3r56lgpj005wx.cloudfront.net/api/products/328/image.jpg","$67.17","$149.99","https://app.tradelle.io/products/328","2025-12-15T19:21:41.336Z"
"Energy Bracelet","https://d3r56lgpj005wx.cloudfront.net/api/products/327/image.jpg","$3.94","$14.99","https://app.tradelle.io/products/327","2025-12-15T19:21:41.336Z"
"Cloud Flip Flops","https://d3r56lgpj005wx.cloudfront.net/api/products/326/image.jpg","$9.79","$24.99","https://app.tradelle.io/products/326","2025-12-15T19:21:41.336Z"
"Tactical Gloves","https://d3r56lgpj005wx.cloudfront.net/api/products/321/image.jpg","$9.88","$29.99","https://app.tradelle.io/products/321","2025-12-15T19:21:41.336Z"
"Electric Skin Rejuvination","https://d3r56lgpj005wx.cloudfront.net/api/products/320/image.jpg","$18.90","$49.99","https://app.tradelle.io/products/320","2025-12-15T19:21:41.336Z"
"Heating Leg Massager","https://d3r56lgpj005wx.cloudfront.net/api/products/319/image.jpg","$64.38","$84.99","https://app.tradelle.io/products/319","2025-12-15T19:21:41.336Z"
"Wolf Head Pendant Necklace","https://d3r56lgpj005wx.cloudfront.net/api/products/317/image.jpg","$4.69","$24.99","https://app.tradelle.io/products/317","2025-12-15T19:21:41.336Z"
"Rangefinder Golf","https://d3r56lgpj005wx.cloudfront.net/api/products/316/image.jpg","$54.99","$99.99","https://app.tradelle.io/products/316","2025-12-15T19:21:41.336Z"
"Waterproof Dog Harness Jacket","https://d3r56lgpj005wx.cloudfront.net/api/products/315/image.jpg","$11.50","$29.99","https://app.tradelle.io/products/315","2025-12-15T19:21:41.336Z"
"Swing Hammock","https://d3r56lgpj005wx.cloudfront.net/api/products/313/image.jpg","$15.91","$39.99","https://app.tradelle.io/products/313","2025-12-15T19:21:41.336Z"
"Knee Compression Sleeve","https://d3r56lgpj005wx.cloudfront.net/api/products/312/image.jpg","$7.32","$24.99","https://app.tradelle.io/products/312","2025-12-15T19:21:41.336Z"
"10x Plant Rooting Ball","https://d3r56lgpj005wx.cloudfront.net/api/products/311/image.jpg","$6.23","$19.99","https://app.tradelle.io/products/311","2025-12-15T19:21:41.336Z"
"Splash Sprinkler Pad","https://d3r56lgpj005wx.cloudfront.net/api/products/310/image.jpg","$14.89","$34.99","https://app.tradelle.io/products/310","2025-12-15T19:21:41.336Z"
"Folding Telescopic Floor Fan","https://d3r56lgpj005wx.cloudfront.net/api/products/309/image.jpg","$25.13","$39.99","https://app.tradelle.io/products/309","2025-12-15T19:21:41.336Z"
"Pet Bath Brush","https://d3r56lgpj005wx.cloudfront.net/api/products/308/image.jpg","$4.06","$14.99","https://app.tradelle.io/products/308","2025-12-15T19:21:41.336Z"
"Kitchen Sink Plunger","https://d3r56lgpj005wx.cloudfront.net/api/products/307/image.jpg","$5.10","$19.99","https://app.tradelle.io/products/307","2025-12-15T19:21:41.336Z"
"Sandscape","https://d3r56lgpj005wx.cloudfront.net/api/products/304/image.jpg","$16.74","$34.99","https://app.tradelle.io/products/304","2025-12-15T19:21:41.336Z"
"Foot Nail Fungus Treatment Serum","https://d3r56lgpj005wx.cloudfront.net/api/products/303/image.jpg","$2.36","$19.99","https://app.tradelle.io/products/303","2025-12-15T19:21:41.336Z"
"Grip Trainer","https://d3r56lgpj005wx.cloudfront.net/api/products/302/image.jpg","$4.99","$14.99","https://app.tradelle.io/products/302","2025-12-15T19:21:41.336Z"
"Women Slimming Thong","https://d3r56lgpj005wx.cloudfront.net/api/products/301/image.jpg","$3.90","$16.99","https://app.tradelle.io/products/301","2025-12-15T19:21:41.336Z"
"Elastic Fitness Bar","https://d3r56lgpj005wx.cloudfront.net/api/products/300/image.jpg","$17.70","$29.99","https://app.tradelle.io/products/300","2025-12-15T19:21:41.336Z"
"Motivational Water Bottle","https://d3r56lgpj005wx.cloudfront.net/api/products/299/image.jpg","$8.45","$19.99","https://app.tradelle.io/products/299","2025-12-15T19:21:41.336Z"
"Label Printer Portable","https://d3r56lgpj005wx.cloudfront.net/api/products/298/image.jpg","$27.55","$49.99","https://app.tradelle.io/products/298","2025-12-15T19:21:41.336Z"
"Cat Leash And Harness","https://d3r56lgpj005wx.cloudfront.net/api/products/60/image.jpg","$3.80","$14.99","https://app.tradelle.io/products/60","2025-12-15T19:21:41.336Z"
"Portable Dog Drying Bag","https://d3r56lgpj005wx.cloudfront.net/api/products/58/image.jpg","$10.76","$17.99","https://app.tradelle.io/products/58","2025-12-15T19:21:41.336Z"
"Scissors With Laser","https://d3r56lgpj005wx.cloudfront.net/api/products/55/image.jpg","$5.44","$24.99","https://app.tradelle.io/products/55","2025-12-15T19:21:41.336Z"
"Pet Paw Cleaner","https://d3r56lgpj005wx.cloudfront.net/api/products/54/image.jpg","$7.12","$14.99","https://app.tradelle.io/products/54","2025-12-15T19:21:41.336Z"
"Jar Opener Under Cabinet","https://d3r56lgpj005wx.cloudfront.net/api/products/53/image.jpg","$6.62","$21.99","https://app.tradelle.io/products/53","2025-12-15T19:21:41.336Z"
"Snowflake Tool","https://d3r56lgpj005wx.cloudfront.net/api/products/52/image.jpg","$2.79","$14.99","https://app.tradelle.io/products/52","2025-12-15T19:21:41.336Z"
"Bluetooth Headscarf Music","https://d3r56lgpj005wx.cloudfront.net/api/products/51/image.jpg","$8.47","$29.99","https://app.tradelle.io/products/51","2025-12-15T19:21:41.336Z"
"Popsicle Silicone Mold","https://d3r56lgpj005wx.cloudfront.net/api/products/50/image.jpg","$3.05","$7.99","https://app.tradelle.io/products/50","2025-12-15T19:21:41.336Z"
"Washable Electric Razor Pocket","https://d3r56lgpj005wx.cloudfront.net/api/products/49/image.jpg","$9.50","$34.99","https://app.tradelle.io/products/49","2025-12-15T19:21:41.336Z"
"Glass Rinser","https://d3r56lgpj005wx.cloudfront.net/api/products/48/image.jpg","$19.76","$39.99","https://app.tradelle.io/products/48","2025-12-15T19:21:41.336Z"
"Water Bottle With Pill Organizer","https://d3r56lgpj005wx.cloudfront.net/api/products/45/image.jpg","$7.04","$17.99","https://app.tradelle.io/products/45","2025-12-15T19:21:41.336Z"
"3x Alarm Door Stopper","https://d3r56lgpj005wx.cloudfront.net/api/products/43/image.jpg","$10.86","$17.99","https://app.tradelle.io/products/43","2025-12-15T19:21:41.336Z"
"Reusable Food Cover","https://d3r56lgpj005wx.cloudfront.net/api/products/42/image.jpg","$3.93","$9.99","https://app.tradelle.io/products/42","2025-12-15T19:21:41.336Z"
"Dish Soap Dispenser for Sponges","https://d3r56lgpj005wx.cloudfront.net/api/products/40/image.jpg","$7.03","$9.99","https://app.tradelle.io/products/40","2025-12-15T19:21:41.336Z"
"2x Car Heated Seat Covers","https://d3r56lgpj005wx.cloudfront.net/api/products/39/image.jpg","$19.35","$39.99","https://app.tradelle.io/products/39","2025-12-15T19:21:41.336Z"
"Back Posture Corrector","https://d3r56lgpj005wx.cloudfront.net/api/products/38/image.jpg","$4.10","$19.99","https://app.tradelle.io/products/38","2025-12-15T19:21:41.336Z"
"Baby Footprint Pad","https://d3r56lgpj005wx.cloudfront.net/api/products/37/image.jpg","$3.13","$14.99","https://app.tradelle.io/products/37","2025-12-15T19:21:41.336Z"
"Shot Glass Dispenser","https://d3r56lgpj005wx.cloudfront.net/api/products/36/image.jpg","$3.64","$11.79","https://app.tradelle.io/products/36","2025-12-15T19:21:41.336Z"
"Cleaning Slime","https://d3r56lgpj005wx.cloudfront.net/api/products/35/image.jpg","$2.39","$7.99","https://app.tradelle.io/products/35","2025-12-15T19:21:41.336Z"
"Oversized Hoodie Blanket","https://d3r56lgpj005wx.cloudfront.net/api/products/34/image.jpg","$23.56","$34.99","https://app.tradelle.io/products/34","2025-12-15T19:21:41.336Z"
"Ear Cleaner Silicone","https://d3r56lgpj005wx.cloudfront.net/api/products/33/image.jpg","$2.64","$13.99","https://app.tradelle.io/products/33","2025-12-15T19:21:41.336Z"
"4x Anti Snore Stopper","https://d3r56lgpj005wx.cloudfront.net/api/products/32/image.jpg","$1.87","$19.99","https://app.tradelle.io/products/32","2025-12-15T19:21:41.336Z"
"2x Cat Corner Scratcher","https://d3r56lgpj005wx.cloudfront.net/api/products/31/image.jpg","$6.51","$13.99","https://app.tradelle.io/products/31","2025-12-15T19:21:41.336Z"
"2x Head Massage Scratchers","https://d3r56lgpj005wx.cloudfront.net/api/products/30/image.jpg","$2.91","$11.79","https://app.tradelle.io/products/30","2025-12-15T19:21:41.336Z"
"Baby Feeding Squeeze Spoon","https://d3r56lgpj005wx.cloudfront.net/api/products/29/image.jpg","$3.82","$14.99","https://app.tradelle.io/products/29","2025-12-15T19:21:41.336Z"
"Windows Snow Scraper","https://d3r56lgpj005wx.cloudfront.net/api/products/27/image.jpg","$2.62","$14.99","https://app.tradelle.io/products/27","2025-12-15T19:21:41.336Z"
"Lint Remover Dusting Brush","https://d3r56lgpj005wx.cloudfront.net/api/products/24/image.jpg","$4.99","$14.99","https://app.tradelle.io/products/24","2025-12-15T19:21:41.336Z"
"Back Massager Stretcher","https://d3r56lgpj005wx.cloudfront.net/api/products/22/image.jpg","$10.51","$29.99","https://app.tradelle.io/products/22","2025-12-15T19:21:41.336Z"
"Car Trash Can Retractable","https://d3r56lgpj005wx.cloudfront.net/api/products/20/image.jpg","$3.95","$14.99","https://app.tradelle.io/products/20","2025-12-15T19:21:41.336Z"
"Shoe Insole Height","https://d3r56lgpj005wx.cloudfront.net/api/products/19/image.jpg","$7.93","$24.99","https://app.tradelle.io/products/19","2025-12-15T19:21:41.336Z"
"Hula Hoop","https://d3r56lgpj005wx.cloudfront.net/api/products/18/image.jpg","$15.94","$34.99","https://app.tradelle.io/products/18","2025-12-15T19:21:41.336Z"
"Folding Stool","https://d3r56lgpj005wx.cloudfront.net/api/products/17/image.jpg","$21.36","$34.99","https://app.tradelle.io/products/17","2025-12-15T19:21:41.336Z"
"U Shaped Toothbrush For Kids","https://d3r56lgpj005wx.cloudfront.net/api/products/16/image.jpg","$2.21","$14.99","https://app.tradelle.io/products/16","2025-12-15T19:21:41.336Z"
"Flying Ball Drone","https://d3r56lgpj005wx.cloudfront.net/api/products/15/image.jpg","$9.40","$24.99","https://app.tradelle.io/products/15","2025-12-15T19:21:41.336Z"
"Wallet with Apple AirTag","https://d3r56lgpj005wx.cloudfront.net/api/products/14/image.jpg","$4.99","$17.99","https://app.tradelle.io/products/14","2025-12-15T19:21:41.336Z"